{
  "providers": {
    "awscloudformation": {
      "AuthRoleName": "amplify-nasilemakgofe-dev-145518-authRole",
      "UnauthRoleArn": "arn:aws:iam::551639573710:role/amplify-nasilemakgofe-dev-145518-unauthRole",
      "AuthRoleArn": "arn:aws:iam::551639573710:role/amplify-nasilemakgofe-dev-145518-authRole",
      "Region": "ap-southeast-1",
      "DeploymentBucketName": "amplify-nasilemakgofe-dev-145518-deployment",
      "UnauthRoleName": "amplify-nasilemakgofe-dev-145518-unauthRole",
      "StackName": "amplify-nasilemakgofe-dev-145518",
      "StackId": "arn:aws:cloudformation:ap-southeast-1:551639573710:stack/amplify-nasilemakgofe-dev-145518/30f801c0-38b1-11ed-9441-02707248f85c",
      "AmplifyAppId": "d3mt1eippezmxb"
    }
  }
}